measurement_id,measurement_label,measurement_date,measurement_time,collected_at_vn,collected_at_utc,collected_at_actual_utc,collection_type,is_official_collection_window,official_window,tomtom_mode,node_count,sample_count,raw_dir
20260428T135046_VN_manual_dispatch,manual_dispatch,2026-04-28,13:50:46,2026-04-28T13:50:46+07:00,2026-04-28T06:50:46+00:00,2026-04-28T06:50:46+00:00,manual_raw_measurement,False,,live_current_flow,3,27,outputs/raw_measurements/2026-04-28/13-50-46_manual_dispatch
20260428T160927_VN_auto_cron,auto_cron,2026-04-28,16:09:27,2026-04-28T16:09:27+07:00,2026-04-28T09:09:27+00:00,2026-04-28T09:09:27+00:00,manual_raw_measurement,True,16:00-19:00,live_current_flow,3,27,outputs/raw_measurements/2026-04-28/16-09-27_auto_cron
20260428T180649_VN_manual_dispatch,manual_dispatch,2026-04-28,18:06:49,2026-04-28T18:06:49+07:00,2026-04-28T11:06:49+00:00,2026-04-28T11:06:49+00:00,manual_raw_measurement,True,16:00-19:00,live_current_flow,3,27,outputs/raw_measurements/2026-04-28/18-06-49_manual_dispatch
20260428T181711_VN_auto_cron,auto_cron,2026-04-28,18:17:11,2026-04-28T18:17:11+07:00,2026-04-28T11:17:11+00:00,2026-04-28T11:17:11+00:00,manual_raw_measurement,True,16:00-19:00,live_current_flow,3,27,outputs/raw_measurements/2026-04-28/18-17-11_auto_cron
20260428T200139_VN_auto_cron,auto_cron,2026-04-28,20:01:39,2026-04-28T20:01:39+07:00,2026-04-28T13:01:39+00:00,2026-04-28T13:01:39+00:00,manual_raw_measurement,False,,live_current_flow,3,27,outputs/raw_measurements/2026-04-28/20-01-39_auto_cron
20260429T065340_VN_auto_cron,auto_cron,2026-04-29,06:53:40,2026-04-29T06:53:40+07:00,2026-04-28T23:53:40+00:00,2026-04-28T23:53:40+00:00,manual_raw_measurement,True,06:00-08:00,live_current_flow,3,27,outputs/raw_measurements/2026-04-29/06-53-40_auto_cron
20260429T093458_VN_auto_cron,auto_cron,2026-04-29,09:34:58,2026-04-29T09:34:58+07:00,2026-04-29T02:34:58+00:00,2026-04-29T02:34:58+00:00,manual_raw_measurement,False,,live_current_flow,3,27,outputs/raw_measurements/2026-04-29/09-34-58_auto_cron
20260429T115228_VN_manual_dispatch,manual_dispatch,2026-04-29,11:52:28,2026-04-29T11:52:28+07:00,2026-04-29T04:52:28+00:00,2026-04-29T04:52:28+00:00,manual_raw_measurement,True,11:00-13:00,live_current_flow,3,27,outputs/raw_measurements/2026-04-29/11-52-28_manual_dispatch
20260429T132252_VN_auto_cron,auto_cron,2026-04-29,13:22:52,2026-04-29T13:22:52+07:00,2026-04-29T06:22:52+00:00,2026-04-29T06:22:51+00:00,manual_raw_measurement,False,,live_current_flow,3,27,outputs/raw_measurements/2026-04-29/13-22-52_auto_cron
20260429T153825_VN_auto_cron,auto_cron,2026-04-29,15:38:25,2026-04-29T15:38:25+07:00,2026-04-29T08:38:25+00:00,2026-04-29T08:38:25+00:00,manual_raw_measurement,False,,live_current_flow,3,27,outputs/raw_measurements/2026-04-29/15-38-25_auto_cron
20260429T175253_VN_auto_cron,auto_cron,2026-04-29,17:52:53,2026-04-29T17:52:53+07:00,2026-04-29T10:52:53+00:00,2026-04-29T10:52:53+00:00,manual_raw_measurement,True,16:00-19:00,live_current_flow,3,27,outputs/raw_measurements/2026-04-29/17-52-53_auto_cron
20260429T191552_VN_auto_cron,auto_cron,2026-04-29,19:15:52,2026-04-29T19:15:52+07:00,2026-04-29T12:15:52+00:00,2026-04-29T12:15:52+00:00,manual_raw_measurement,False,,live_current_flow,3,27,outputs/raw_measurements/2026-04-29/19-15-52_auto_cron
20260429T213421_VN_auto_cron,auto_cron,2026-04-29,21:34:21,2026-04-29T21:34:21+07:00,2026-04-29T14:34:21+00:00,2026-04-29T14:34:21+00:00,manual_raw_measurement,False,,live_current_flow,3,27,outputs/raw_measurements/2026-04-29/21-34-21_auto_cron
20260430T065309_VN_auto_cron,auto_cron,2026-04-30,06:53:09,2026-04-30T06:53:09+07:00,2026-04-29T23:53:09+00:00,2026-04-29T23:53:09+00:00,manual_raw_measurement,True,06:00-08:00,live_current_flow,3,27,outputs/raw_measurements/2026-04-30/06-53-09_auto_cron
20260430T093546_VN_auto_cron,auto_cron,2026-04-30,09:35:46,2026-04-30T09:35:46+07:00,2026-04-30T02:35:46+00:00,2026-04-30T02:35:46+00:00,manual_raw_measurement,False,,live_current_flow,3,27,outputs/raw_measurements/2026-04-30/09-35-46_auto_cron
20260430T124438_VN_manual_dispatch,manual_dispatch,2026-04-30,12:44:38,2026-04-30T12:44:38+07:00,2026-04-30T05:44:38+00:00,2026-04-30T05:44:38+00:00,manual_raw_measurement,True,11:00-13:00,live_current_flow,3,27,outputs/raw_measurements/2026-04-30/12-44-38_manual_dispatch
20260430T132605_VN_auto_cron,auto_cron,2026-04-30,13:26:05,2026-04-30T13:26:05+07:00,2026-04-30T06:26:05+00:00,2026-04-30T06:26:05+00:00,manual_raw_measurement,False,,live_current_flow,3,27,outputs/raw_measurements/2026-04-30/13-26-05_auto_cron
20260430T153948_VN_auto_cron,auto_cron,2026-04-30,15:39:48,2026-04-30T15:39:48+07:00,2026-04-30T08:39:48+00:00,2026-04-30T08:39:48+00:00,manual_raw_measurement,False,,live_current_flow,3,27,outputs/raw_measurements/2026-04-30/15-39-48_auto_cron
20260430T174838_VN_manual_dispatch,manual_dispatch,2026-04-30,17:48:38,2026-04-30T17:48:38+07:00,2026-04-30T10:48:38+00:00,2026-04-30T10:48:38+00:00,manual_raw_measurement,True,16:00-19:00,live_current_flow,3,27,outputs/raw_measurements/2026-04-30/17-48-38_manual_dispatch
20260430T175241_VN_auto_cron,auto_cron,2026-04-30,17:52:41,2026-04-30T17:52:41+07:00,2026-04-30T10:52:41+00:00,2026-04-30T10:52:41+00:00,manual_raw_measurement,True,16:00-19:00,live_current_flow,3,27,outputs/raw_measurements/2026-04-30/17-52-41_auto_cron
20260430T191353_VN_auto_cron,auto_cron,2026-04-30,19:13:53,2026-04-30T19:13:53+07:00,2026-04-30T12:13:53+00:00,2026-04-30T12:13:53+00:00,manual_raw_measurement,False,,live_current_flow,3,27,outputs/raw_measurements/2026-04-30/19-13-53_auto_cron
20260430T212708_VN_auto_cron,auto_cron,2026-04-30,21:27:08,2026-04-30T21:27:08+07:00,2026-04-30T14:27:08+00:00,2026-04-30T14:27:08+00:00,manual_raw_measurement,False,,live_current_flow,3,27,outputs/raw_measurements/2026-04-30/21-27-08_auto_cron
20260501T065039_VN_auto_cron,auto_cron,2026-05-01,06:50:39,2026-05-01T06:50:39+07:00,2026-04-30T23:50:39+00:00,2026-04-30T23:50:39+00:00,manual_raw_measurement,True,06:00-08:00,live_current_flow,3,27,outputs/raw_measurements/2026-05-01/06-50-39_auto_cron
20260501T082945_VN_auto_cron,auto_cron,2026-05-01,08:29:45,2026-05-01T08:29:45+07:00,2026-05-01T01:29:45+00:00,2026-05-01T01:29:45+00:00,manual_raw_measurement,False,,live_current_flow,3,27,outputs/raw_measurements/2026-05-01/08-29-45_auto_cron
20260501T111903_VN_manual_dispatch,manual_dispatch,2026-05-01,11:19:03,2026-05-01T11:19:03+07:00,2026-05-01T04:19:03+00:00,2026-05-01T04:19:03+00:00,manual_raw_measurement,True,11:00-13:00,live_current_flow,3,27,outputs/raw_measurements/2026-05-01/11-19-03_manual_dispatch
20260501T121055_VN_auto_cron,auto_cron,2026-05-01,12:10:55,2026-05-01T12:10:55+07:00,2026-05-01T05:10:55+00:00,2026-05-01T05:10:55+00:00,manual_raw_measurement,True,11:00-13:00,live_current_flow,3,27,outputs/raw_measurements/2026-05-01/12-10-55_auto_cron
20260501T143754_VN_auto_cron,auto_cron,2026-05-01,14:37:54,2026-05-01T14:37:54+07:00,2026-05-01T07:37:54+00:00,2026-05-01T07:37:54+00:00,manual_raw_measurement,False,,live_current_flow,3,27,outputs/raw_measurements/2026-05-01/14-37-54_auto_cron
20260501T172138_VN_auto_cron,auto_cron,2026-05-01,17:21:38,2026-05-01T17:21:38+07:00,2026-05-01T10:21:38+00:00,2026-05-01T10:21:38+00:00,manual_raw_measurement,True,16:00-19:00,live_current_flow,3,27,outputs/raw_measurements/2026-05-01/17-21-38_auto_cron
20260501T183855_VN_auto_cron,auto_cron,2026-05-01,18:38:55,2026-05-01T18:38:55+07:00,2026-05-01T11:38:55+00:00,2026-05-01T11:38:55+00:00,manual_raw_measurement,True,16:00-19:00,live_current_flow,3,27,outputs/raw_measurements/2026-05-01/18-38-55_auto_cron
20260501T194144_VN_auto_cron,auto_cron,2026-05-01,19:41:44,2026-05-01T19:41:44+07:00,2026-05-01T12:41:44+00:00,2026-05-01T12:41:44+00:00,manual_raw_measurement,False,,live_current_flow,3,27,outputs/raw_measurements/2026-05-01/19-41-44_auto_cron
20260501T210603_VN_auto_cron,auto_cron,2026-05-01,21:06:03,2026-05-01T21:06:03+07:00,2026-05-01T14:06:03+00:00,2026-05-01T14:06:03+00:00,manual_raw_measurement,False,,live_current_flow,3,27,outputs/raw_measurements/2026-05-01/21-06-03_auto_cron
20260502T064828_VN_auto_cron,auto_cron,2026-05-02,06:48:28,2026-05-02T06:48:28+07:00,2026-05-01T23:48:28+00:00,2026-05-01T23:48:28+00:00,manual_raw_measurement,True,06:00-08:00,live_current_flow,3,27,outputs/raw_measurements/2026-05-02/06-48-28_auto_cron
20260502T082052_VN_auto_cron,auto_cron,2026-05-02,08:20:52,2026-05-02T08:20:52+07:00,2026-05-02T01:20:52+00:00,2026-05-02T01:20:52+00:00,manual_raw_measurement,False,,live_current_flow,3,27,outputs/raw_measurements/2026-05-02/08-20-52_auto_cron
20260502T113210_VN_auto_cron,auto_cron,2026-05-02,11:32:10,2026-05-02T11:32:10+07:00,2026-05-02T04:32:10+00:00,2026-05-02T04:32:10+00:00,manual_raw_measurement,True,11:00-13:00,live_current_flow,3,27,outputs/raw_measurements/2026-05-02/11-32-10_auto_cron
20260502T132955_VN_auto_cron,auto_cron,2026-05-02,13:29:55,2026-05-02T13:29:55+07:00,2026-05-02T06:29:55+00:00,2026-05-02T06:29:55+00:00,manual_raw_measurement,False,,live_current_flow,3,27,outputs/raw_measurements/2026-05-02/13-29-55_auto_cron
20260502T151052_VN_auto_cron,auto_cron,2026-05-02,15:10:52,2026-05-02T15:10:52+07:00,2026-05-02T08:10:52+00:00,2026-05-02T08:10:52+00:00,manual_raw_measurement,False,,live_current_flow,3,27,outputs/raw_measurements/2026-05-02/15-10-52_auto_cron
20260502T165722_VN_auto_cron,auto_cron,2026-05-02,16:57:22,2026-05-02T16:57:22+07:00,2026-05-02T09:57:22+00:00,2026-05-02T09:57:22+00:00,manual_raw_measurement,True,16:00-19:00,live_current_flow,3,27,outputs/raw_measurements/2026-05-02/16-57-22_auto_cron
20260502T175135_VN_auto_cron,auto_cron,2026-05-02,17:51:35,2026-05-02T17:51:35+07:00,2026-05-02T10:51:35+00:00,2026-05-02T10:51:35+00:00,manual_raw_measurement,True,16:00-19:00,live_current_flow,3,27,outputs/raw_measurements/2026-05-02/17-51-35_auto_cron
20260502T184227_VN_auto_cron,auto_cron,2026-05-02,18:42:27,2026-05-02T18:42:27+07:00,2026-05-02T11:42:27+00:00,2026-05-02T11:42:27+00:00,manual_raw_measurement,True,16:00-19:00,live_current_flow,3,27,outputs/raw_measurements/2026-05-02/18-42-27_auto_cron
20260502T193820_VN_auto_cron,auto_cron,2026-05-02,19:38:20,2026-05-02T19:38:20+07:00,2026-05-02T12:38:20+00:00,2026-05-02T12:38:20+00:00,manual_raw_measurement,False,,live_current_flow,3,27,outputs/raw_measurements/2026-05-02/19-38-20_auto_cron
20260502T205816_VN_auto_cron,auto_cron,2026-05-02,20:58:16,2026-05-02T20:58:16+07:00,2026-05-02T13:58:16+00:00,2026-05-02T13:58:16+00:00,manual_raw_measurement,False,,live_current_flow,3,27,outputs/raw_measurements/2026-05-02/20-58-16_auto_cron
20260503T064007_VN_auto_cron,auto_cron,2026-05-03,06:40:07,2026-05-03T06:40:07+07:00,2026-05-02T23:40:07+00:00,2026-05-02T23:40:07+00:00,manual_raw_measurement,True,06:00-08:00,live_current_flow,3,27,outputs/raw_measurements/2026-05-03/06-40-07_auto_cron
20260503T082151_VN_auto_cron,auto_cron,2026-05-03,08:21:51,2026-05-03T08:21:51+07:00,2026-05-03T01:21:51+00:00,2026-05-03T01:21:51+00:00,manual_raw_measurement,False,,live_current_flow,3,27,outputs/raw_measurements/2026-05-03/08-21-51_auto_cron
20260503T115741_VN_auto_cron,auto_cron,2026-05-03,11:57:41,2026-05-03T11:57:41+07:00,2026-05-03T04:57:41+00:00,2026-05-03T04:57:41+00:00,manual_raw_measurement,True,11:00-13:00,live_current_flow,3,27,outputs/raw_measurements/2026-05-03/11-57-41_auto_cron
20260503T141925_VN_auto_cron,auto_cron,2026-05-03,14:19:25,2026-05-03T14:19:25+07:00,2026-05-03T07:19:25+00:00,2026-05-03T07:19:25+00:00,manual_raw_measurement,False,,live_current_flow,3,27,outputs/raw_measurements/2026-05-03/14-19-25_auto_cron
20260503T170217_VN_auto_cron,auto_cron,2026-05-03,17:02:17,2026-05-03T17:02:17+07:00,2026-05-03T10:02:17+00:00,2026-05-03T10:02:17+00:00,manual_raw_measurement,True,16:00-19:00,live_current_flow,3,27,outputs/raw_measurements/2026-05-03/17-02-17_auto_cron
20260503T180554_VN_auto_cron,auto_cron,2026-05-03,18:05:54,2026-05-03T18:05:54+07:00,2026-05-03T11:05:54+00:00,2026-05-03T11:05:54+00:00,manual_raw_measurement,True,16:00-19:00,live_current_flow,3,27,outputs/raw_measurements/2026-05-03/18-05-54_auto_cron
20260503T185635_VN_auto_cron,auto_cron,2026-05-03,18:56:35,2026-05-03T18:56:35+07:00,2026-05-03T11:56:35+00:00,2026-05-03T11:56:34+00:00,manual_raw_measurement,True,16:00-19:00,live_current_flow,3,27,outputs/raw_measurements/2026-05-03/18-56-35_auto_cron
20260503T200243_VN_auto_cron,auto_cron,2026-05-03,20:02:43,2026-05-03T20:02:43+07:00,2026-05-03T13:02:43+00:00,2026-05-03T13:02:43+00:00,manual_raw_measurement,False,,live_current_flow,3,27,outputs/raw_measurements/2026-05-03/20-02-43_auto_cron
20260504T064141_VN_auto_cron,auto_cron,2026-05-04,06:41:41,2026-05-04T06:41:41+07:00,2026-05-03T23:41:41+00:00,2026-05-03T23:41:41+00:00,manual_raw_measurement,True,06:00-08:00,live_current_flow,3,27,outputs/raw_measurements/2026-05-04/06-41-41_auto_cron
20260504T082136_VN_auto_cron,auto_cron,2026-05-04,08:21:36,2026-05-04T08:21:36+07:00,2026-05-04T01:21:36+00:00,2026-05-04T01:21:36+00:00,manual_raw_measurement,False,,live_current_flow,3,27,outputs/raw_measurements/2026-05-04/08-21-36_auto_cron
20260504T115819_VN_auto_cron,auto_cron,2026-05-04,11:58:19,2026-05-04T11:58:19+07:00,2026-05-04T04:58:19+00:00,2026-05-04T04:58:19+00:00,manual_raw_measurement,True,11:00-13:00,live_current_flow,3,27,outputs/raw_measurements/2026-05-04/11-58-19_auto_cron
20260504T144934_VN_auto_cron,auto_cron,2026-05-04,14:49:34,2026-05-04T14:49:34+07:00,2026-05-04T07:49:34+00:00,2026-05-04T07:49:34+00:00,manual_raw_measurement,False,,live_current_flow,3,27,outputs/raw_measurements/2026-05-04/14-49-34_auto_cron
20260504T180409_VN_auto_cron,auto_cron,2026-05-04,18:04:09,2026-05-04T18:04:09+07:00,2026-05-04T11:04:09+00:00,2026-05-04T11:04:09+00:00,manual_raw_measurement,True,16:00-19:00,live_current_flow,3,27,outputs/raw_measurements/2026-05-04/18-04-09_auto_cron
20260504T192558_VN_auto_cron,auto_cron,2026-05-04,19:25:58,2026-05-04T19:25:58+07:00,2026-05-04T12:25:58+00:00,2026-05-04T12:25:58+00:00,manual_raw_measurement,False,,live_current_flow,3,27,outputs/raw_measurements/2026-05-04/19-25-58_auto_cron
20260504T213916_VN_auto_cron,auto_cron,2026-05-04,21:39:16,2026-05-04T21:39:16+07:00,2026-05-04T14:39:16+00:00,2026-05-04T14:39:16+00:00,manual_raw_measurement,False,,live_current_flow,3,27,outputs/raw_measurements/2026-05-04/21-39-16_auto_cron
20260505T065233_VN_auto_cron,auto_cron,2026-05-05,06:52:33,2026-05-05T06:52:33+07:00,2026-05-04T23:52:33+00:00,2026-05-04T23:52:33+00:00,manual_raw_measurement,True,06:00-08:00,live_current_flow,3,27,outputs/raw_measurements/2026-05-05/06-52-33_auto_cron
20260505T080814_VN_manual_dispatch,manual_dispatch,2026-05-05,08:08:14,2026-05-05T08:08:14+07:00,2026-05-05T01:08:14+00:00,2026-05-05T01:08:14+00:00,manual_raw_measurement,False,,live_current_flow,3,27,outputs/raw_measurements/2026-05-05/08-08-14_manual_dispatch
20260505T092657_VN_auto_cron,auto_cron,2026-05-05,09:26:57,2026-05-05T09:26:57+07:00,2026-05-05T02:26:57+00:00,2026-05-05T02:26:57+00:00,manual_raw_measurement,False,,live_current_flow,3,27,outputs/raw_measurements/2026-05-05/09-26-57_auto_cron
20260505T131403_VN_auto_cron,auto_cron,2026-05-05,13:14:03,2026-05-05T13:14:03+07:00,2026-05-05T06:14:03+00:00,2026-05-05T06:14:03+00:00,manual_raw_measurement,False,,live_current_flow,3,27,outputs/raw_measurements/2026-05-05/13-14-03_auto_cron
20260505T153034_VN_auto_cron,auto_cron,2026-05-05,15:30:34,2026-05-05T15:30:34+07:00,2026-05-05T08:30:34+00:00,2026-05-05T08:30:34+00:00,manual_raw_measurement,False,,live_current_flow,3,27,outputs/raw_measurements/2026-05-05/15-30-34_auto_cron
20260505T174353_VN_auto_cron,auto_cron,2026-05-05,17:43:53,2026-05-05T17:43:53+07:00,2026-05-05T10:43:53+00:00,2026-05-05T10:43:53+00:00,manual_raw_measurement,True,16:00-19:00,live_current_flow,3,27,outputs/raw_measurements/2026-05-05/17-43-53_auto_cron
20260505T185326_VN_auto_cron,auto_cron,2026-05-05,18:53:26,2026-05-05T18:53:26+07:00,2026-05-05T11:53:26+00:00,2026-05-05T11:53:26+00:00,manual_raw_measurement,True,16:00-19:00,live_current_flow,3,27,outputs/raw_measurements/2026-05-05/18-53-26_auto_cron
20260505T203018_VN_auto_cron,auto_cron,2026-05-05,20:30:18,2026-05-05T20:30:18+07:00,2026-05-05T13:30:18+00:00,2026-05-05T13:30:18+00:00,manual_raw_measurement,False,,live_current_flow,3,27,outputs/raw_measurements/2026-05-05/20-30-18_auto_cron
20260506T064514_VN_auto_cron,auto_cron,2026-05-06,06:45:14,2026-05-06T06:45:14+07:00,2026-05-05T23:45:14+00:00,2026-05-05T23:45:14+00:00,manual_raw_measurement,True,06:00-08:00,live_current_flow,3,27,outputs/raw_measurements/2026-05-06/06-45-14_auto_cron
20260506T082030_VN_auto_cron,auto_cron,2026-05-06,08:20:30,2026-05-06T08:20:30+07:00,2026-05-06T01:20:30+00:00,2026-05-06T01:20:30+00:00,manual_raw_measurement,False,,live_current_flow,3,27,outputs/raw_measurements/2026-05-06/08-20-30_auto_cron
20260506T114758_VN_auto_cron,auto_cron,2026-05-06,11:47:58,2026-05-06T11:47:58+07:00,2026-05-06T04:47:58+00:00,2026-05-06T04:47:58+00:00,manual_raw_measurement,True,11:00-13:00,live_current_flow,3,27,outputs/raw_measurements/2026-05-06/11-47-58_auto_cron
20260506T142840_VN_auto_cron,auto_cron,2026-05-06,14:28:40,2026-05-06T14:28:40+07:00,2026-05-06T07:28:40+00:00,2026-05-06T07:28:40+00:00,manual_raw_measurement,False,,live_current_flow,3,27,outputs/raw_measurements/2026-05-06/14-28-40_auto_cron
20260506T180429_VN_auto_cron,auto_cron,2026-05-06,18:04:29,2026-05-06T18:04:29+07:00,2026-05-06T11:04:29+00:00,2026-05-06T11:04:29+00:00,manual_raw_measurement,True,16:00-19:00,live_current_flow,3,27,outputs/raw_measurements/2026-05-06/18-04-29_auto_cron
20260506T200123_VN_auto_cron,auto_cron,2026-05-06,20:01:23,2026-05-06T20:01:23+07:00,2026-05-06T13:01:23+00:00,2026-05-06T13:01:23+00:00,manual_raw_measurement,False,,live_current_flow,3,27,outputs/raw_measurements/2026-05-06/20-01-23_auto_cron
20260507T064643_VN_auto_cron,auto_cron,2026-05-07,06:46:43,2026-05-07T06:46:43+07:00,2026-05-06T23:46:43+00:00,2026-05-06T23:46:43+00:00,manual_raw_measurement,True,06:00-08:00,live_current_flow,3,27,outputs/raw_measurements/2026-05-07/06-46-43_auto_cron
20260507T082620_VN_auto_cron,auto_cron,2026-05-07,08:26:20,2026-05-07T08:26:20+07:00,2026-05-07T01:26:20+00:00,2026-05-07T01:26:20+00:00,manual_raw_measurement,False,,live_current_flow,3,27,outputs/raw_measurements/2026-05-07/08-26-20_auto_cron
20260507T115432_VN_auto_cron,auto_cron,2026-05-07,11:54:32,2026-05-07T11:54:32+07:00,2026-05-07T04:54:32+00:00,2026-05-07T04:54:32+00:00,manual_raw_measurement,True,11:00-13:00,live_current_flow,3,27,outputs/raw_measurements/2026-05-07/11-54-32_auto_cron
20260507T144136_VN_auto_cron,auto_cron,2026-05-07,14:41:36,2026-05-07T14:41:36+07:00,2026-05-07T07:41:36+00:00,2026-05-07T07:41:36+00:00,manual_raw_measurement,False,,live_current_flow,3,27,outputs/raw_measurements/2026-05-07/14-41-36_auto_cron
20260507T180746_VN_auto_cron,auto_cron,2026-05-07,18:07:46,2026-05-07T18:07:46+07:00,2026-05-07T11:07:46+00:00,2026-05-07T11:07:46+00:00,manual_raw_measurement,True,16:00-19:00,live_current_flow,3,27,outputs/raw_measurements/2026-05-07/18-07-46_auto_cron
20260507T200252_VN_auto_cron,auto_cron,2026-05-07,20:02:52,2026-05-07T20:02:52+07:00,2026-05-07T13:02:52+00:00,2026-05-07T13:02:52+00:00,manual_raw_measurement,False,,live_current_flow,3,27,outputs/raw_measurements/2026-05-07/20-02-52_auto_cron
20260508T065208_VN_auto_cron,auto_cron,2026-05-08,06:52:08,2026-05-08T06:52:08+07:00,2026-05-07T23:52:08+00:00,2026-05-07T23:52:08+00:00,manual_raw_measurement,True,06:00-08:00,live_current_flow,3,27,outputs/raw_measurements/2026-05-08/06-52-08_auto_cron
20260508T093928_VN_auto_cron,auto_cron,2026-05-08,09:39:28,2026-05-08T09:39:28+07:00,2026-05-08T02:39:28+00:00,2026-05-08T02:39:28+00:00,manual_raw_measurement,False,,live_current_flow,3,27,outputs/raw_measurements/2026-05-08/09-39-28_auto_cron
20260508T125517_VN_auto_cron,auto_cron,2026-05-08,12:55:17,2026-05-08T12:55:17+07:00,2026-05-08T05:55:17+00:00,2026-05-08T05:55:17+00:00,manual_raw_measurement,True,11:00-13:00,live_current_flow,3,27,outputs/raw_measurements/2026-05-08/12-55-17_auto_cron
20260508T142515_VN_auto_cron,auto_cron,2026-05-08,14:25:15,2026-05-08T14:25:15+07:00,2026-05-08T07:25:15+00:00,2026-05-08T07:25:15+00:00,manual_raw_measurement,False,,live_current_flow,3,27,outputs/raw_measurements/2026-05-08/14-25-15_auto_cron
20260508T172415_VN_auto_cron,auto_cron,2026-05-08,17:24:15,2026-05-08T17:24:15+07:00,2026-05-08T10:24:15+00:00,2026-05-08T10:24:15+00:00,manual_raw_measurement,True,16:00-19:00,live_current_flow,3,27,outputs/raw_measurements/2026-05-08/17-24-15_auto_cron
20260508T185304_VN_auto_cron,auto_cron,2026-05-08,18:53:04,2026-05-08T18:53:04+07:00,2026-05-08T11:53:04+00:00,2026-05-08T11:53:04+00:00,manual_raw_measurement,True,16:00-19:00,live_current_flow,3,27,outputs/raw_measurements/2026-05-08/18-53-04_auto_cron
20260508T202457_VN_auto_cron,auto_cron,2026-05-08,20:24:57,2026-05-08T20:24:57+07:00,2026-05-08T13:24:57+00:00,2026-05-08T13:24:57+00:00,manual_raw_measurement,False,,live_current_flow,3,27,outputs/raw_measurements/2026-05-08/20-24-57_auto_cron
20260509T065517_VN_auto_cron,auto_cron,2026-05-09,06:55:17,2026-05-09T06:55:17+07:00,2026-05-08T23:55:17+00:00,2026-05-08T23:55:17+00:00,manual_raw_measurement,True,06:00-08:00,live_current_flow,3,27,outputs/raw_measurements/2026-05-09/06-55-17_auto_cron
20260509T093236_VN_auto_cron,auto_cron,2026-05-09,09:32:36,2026-05-09T09:32:36+07:00,2026-05-09T02:32:36+00:00,2026-05-09T02:32:36+00:00,manual_raw_measurement,False,,live_current_flow,3,27,outputs/raw_measurements/2026-05-09/09-32-36_auto_cron
20260509T131349_VN_auto_cron,auto_cron,2026-05-09,13:13:49,2026-05-09T13:13:49+07:00,2026-05-09T06:13:49+00:00,2026-05-09T06:13:49+00:00,manual_raw_measurement,False,,live_current_flow,3,27,outputs/raw_measurements/2026-05-09/13-13-49_auto_cron
20260509T151537_VN_auto_cron,auto_cron,2026-05-09,15:15:37,2026-05-09T15:15:37+07:00,2026-05-09T08:15:37+00:00,2026-05-09T08:15:37+00:00,manual_raw_measurement,False,,live_current_flow,3,27,outputs/raw_measurements/2026-05-09/15-15-37_auto_cron
20260509T170417_VN_auto_cron,auto_cron,2026-05-09,17:04:17,2026-05-09T17:04:17+07:00,2026-05-09T10:04:17+00:00,2026-05-09T10:04:17+00:00,manual_raw_measurement,True,16:00-19:00,live_current_flow,3,27,outputs/raw_measurements/2026-05-09/17-04-17_auto_cron
20260509T181047_VN_auto_cron,auto_cron,2026-05-09,18:10:47,2026-05-09T18:10:47+07:00,2026-05-09T11:10:47+00:00,2026-05-09T11:10:47+00:00,manual_raw_measurement,True,16:00-19:00,live_current_flow,3,27,outputs/raw_measurements/2026-05-09/18-10-47_auto_cron
20260509T190045_VN_auto_cron,auto_cron,2026-05-09,19:00:45,2026-05-09T19:00:45+07:00,2026-05-09T12:00:45+00:00,2026-05-09T12:00:45+00:00,manual_raw_measurement,False,,live_current_flow,3,27,outputs/raw_measurements/2026-05-09/19-00-45_auto_cron
20260509T204306_VN_auto_cron,auto_cron,2026-05-09,20:43:06,2026-05-09T20:43:06+07:00,2026-05-09T13:43:06+00:00,2026-05-09T13:43:06+00:00,manual_raw_measurement,False,,live_current_flow,3,27,outputs/raw_measurements/2026-05-09/20-43-06_auto_cron
20260510T064352_VN_auto_cron,auto_cron,2026-05-10,06:43:52,2026-05-10T06:43:52+07:00,2026-05-09T23:43:52+00:00,2026-05-09T23:43:52+00:00,manual_raw_measurement,True,06:00-08:00,live_current_flow,3,27,outputs/raw_measurements/2026-05-10/06-43-52_auto_cron
20260510T082757_VN_auto_cron,auto_cron,2026-05-10,08:27:57,2026-05-10T08:27:57+07:00,2026-05-10T01:27:57+00:00,2026-05-10T01:27:57+00:00,manual_raw_measurement,False,,live_current_flow,3,27,outputs/raw_measurements/2026-05-10/08-27-57_auto_cron
20260510T120417_VN_auto_cron,auto_cron,2026-05-10,12:04:17,2026-05-10T12:04:17+07:00,2026-05-10T05:04:17+00:00,2026-05-10T05:04:17+00:00,manual_raw_measurement,True,11:00-13:00,live_current_flow,3,27,outputs/raw_measurements/2026-05-10/12-04-17_auto_cron
20260510T143402_VN_auto_cron,auto_cron,2026-05-10,14:34:02,2026-05-10T14:34:02+07:00,2026-05-10T07:34:02+00:00,2026-05-10T07:34:02+00:00,manual_raw_measurement,False,,live_current_flow,3,27,outputs/raw_measurements/2026-05-10/14-34-02_auto_cron
20260510T171156_VN_auto_cron,auto_cron,2026-05-10,17:11:56,2026-05-10T17:11:56+07:00,2026-05-10T10:11:56+00:00,2026-05-10T10:11:56+00:00,manual_raw_measurement,True,16:00-19:00,live_current_flow,3,27,outputs/raw_measurements/2026-05-10/17-11-56_auto_cron
20260510T181727_VN_auto_cron,auto_cron,2026-05-10,18:17:27,2026-05-10T18:17:27+07:00,2026-05-10T11:17:27+00:00,2026-05-10T11:17:27+00:00,manual_raw_measurement,True,16:00-19:00,live_current_flow,3,27,outputs/raw_measurements/2026-05-10/18-17-27_auto_cron
20260510T190703_VN_auto_cron,auto_cron,2026-05-10,19:07:03,2026-05-10T19:07:03+07:00,2026-05-10T12:07:03+00:00,2026-05-10T12:07:03+00:00,manual_raw_measurement,False,,live_current_flow,3,27,outputs/raw_measurements/2026-05-10/19-07-03_auto_cron
20260510T205246_VN_auto_cron,auto_cron,2026-05-10,20:52:46,2026-05-10T20:52:46+07:00,2026-05-10T13:52:46+00:00,2026-05-10T13:52:46+00:00,manual_raw_measurement,False,,live_current_flow,3,27,outputs/raw_measurements/2026-05-10/20-52-46_auto_cron
20260511T064843_VN_auto_cron,auto_cron,2026-05-11,06:48:43,2026-05-11T06:48:43+07:00,2026-05-10T23:48:43+00:00,2026-05-10T23:48:43+00:00,manual_raw_measurement,True,06:00-08:00,live_current_flow,3,27,outputs/raw_measurements/2026-05-11/06-48-43_auto_cron
20260511T083240_VN_auto_cron,auto_cron,2026-05-11,08:32:40,2026-05-11T08:32:40+07:00,2026-05-11T01:32:40+00:00,2026-05-11T01:32:40+00:00,manual_raw_measurement,False,,live_current_flow,3,27,outputs/raw_measurements/2026-05-11/08-32-40_auto_cron
20260511T124349_VN_auto_cron,auto_cron,2026-05-11,12:43:49,2026-05-11T12:43:49+07:00,2026-05-11T05:43:49+00:00,2026-05-11T05:43:49+00:00,manual_raw_measurement,True,11:00-13:00,live_current_flow,3,27,outputs/raw_measurements/2026-05-11/12-43-49_auto_cron
20260511T155042_VN_auto_cron,auto_cron,2026-05-11,15:50:42,2026-05-11T15:50:42+07:00,2026-05-11T08:50:42+00:00,2026-05-11T08:50:42+00:00,manual_raw_measurement,False,,live_current_flow,3,27,outputs/raw_measurements/2026-05-11/15-50-42_auto_cron
20260511T191007_VN_auto_cron,auto_cron,2026-05-11,19:10:07,2026-05-11T19:10:07+07:00,2026-05-11T12:10:07+00:00,2026-05-11T12:10:07+00:00,manual_raw_measurement,False,,live_current_flow,3,27,outputs/raw_measurements/2026-05-11/19-10-07_auto_cron
20260511T223545_VN_auto_cron,auto_cron,2026-05-11,22:35:45,2026-05-11T22:35:45+07:00,2026-05-11T15:35:45+00:00,2026-05-11T15:35:45+00:00,manual_raw_measurement,False,,live_current_flow,3,27,outputs/raw_measurements/2026-05-11/22-35-45_auto_cron
20260512T065547_VN_auto_cron,auto_cron,2026-05-12,06:55:47,2026-05-12T06:55:47+07:00,2026-05-11T23:55:47+00:00,2026-05-11T23:55:47+00:00,manual_raw_measurement,True,06:00-08:00,live_current_flow,3,27,outputs/raw_measurements/2026-05-12/06-55-47_auto_cron
20260512T093840_VN_auto_cron,auto_cron,2026-05-12,09:38:40,2026-05-12T09:38:40+07:00,2026-05-12T02:38:40+00:00,2026-05-12T02:38:40+00:00,manual_raw_measurement,False,,live_current_flow,3,27,outputs/raw_measurements/2026-05-12/09-38-40_auto_cron
20260512T133516_VN_auto_cron,auto_cron,2026-05-12,13:35:16,2026-05-12T13:35:16+07:00,2026-05-12T06:35:16+00:00,2026-05-12T06:35:16+00:00,manual_raw_measurement,False,,live_current_flow,3,27,outputs/raw_measurements/2026-05-12/13-35-16_auto_cron
20260512T162317_VN_auto_cron,auto_cron,2026-05-12,16:23:17,2026-05-12T16:23:17+07:00,2026-05-12T09:23:17+00:00,2026-05-12T09:23:17+00:00,manual_raw_measurement,True,16:00-19:00,live_current_flow,3,27,outputs/raw_measurements/2026-05-12/16-23-17_auto_cron
20260512T183102_VN_auto_cron,auto_cron,2026-05-12,18:31:02,2026-05-12T18:31:02+07:00,2026-05-12T11:31:02+00:00,2026-05-12T11:31:02+00:00,manual_raw_measurement,True,16:00-19:00,live_current_flow,3,27,outputs/raw_measurements/2026-05-12/18-31-02_auto_cron
20260512T202232_VN_auto_cron,auto_cron,2026-05-12,20:22:32,2026-05-12T20:22:32+07:00,2026-05-12T13:22:32+00:00,2026-05-12T13:22:32+00:00,manual_raw_measurement,False,,live_current_flow,3,27,outputs/raw_measurements/2026-05-12/20-22-32_auto_cron
20260513T065834_VN_auto_cron,auto_cron,2026-05-13,06:58:34,2026-05-13T06:58:34+07:00,2026-05-12T23:58:34+00:00,2026-05-12T23:58:34+00:00,manual_raw_measurement,True,06:00-08:00,live_current_flow,3,27,outputs/raw_measurements/2026-05-13/06-58-34_auto_cron
20260513T102739_VN_auto_cron,auto_cron,2026-05-13,10:27:39,2026-05-13T10:27:39+07:00,2026-05-13T03:27:39+00:00,2026-05-13T03:27:39+00:00,manual_raw_measurement,False,,live_current_flow,3,27,outputs/raw_measurements/2026-05-13/10-27-39_auto_cron
20260513T134554_VN_auto_cron,auto_cron,2026-05-13,13:45:54,2026-05-13T13:45:54+07:00,2026-05-13T06:45:54+00:00,2026-05-13T06:45:54+00:00,manual_raw_measurement,False,,live_current_flow,3,27,outputs/raw_measurements/2026-05-13/13-45-54_auto_cron
20260513T163323_VN_auto_cron,auto_cron,2026-05-13,16:33:23,2026-05-13T16:33:23+07:00,2026-05-13T09:33:23+00:00,2026-05-13T09:33:23+00:00,manual_raw_measurement,True,16:00-19:00,live_current_flow,3,27,outputs/raw_measurements/2026-05-13/16-33-23_auto_cron
20260513T185136_VN_auto_cron,auto_cron,2026-05-13,18:51:36,2026-05-13T18:51:36+07:00,2026-05-13T11:51:36+00:00,2026-05-13T11:51:36+00:00,manual_raw_measurement,True,16:00-19:00,live_current_flow,3,27,outputs/raw_measurements/2026-05-13/18-51-36_auto_cron
20260513T205629_VN_auto_cron,auto_cron,2026-05-13,20:56:29,2026-05-13T20:56:29+07:00,2026-05-13T13:56:29+00:00,2026-05-13T13:56:29+00:00,manual_raw_measurement,False,,live_current_flow,3,27,outputs/raw_measurements/2026-05-13/20-56-29_auto_cron
20260514T065408_VN_auto_cron,auto_cron,2026-05-14,06:54:08,2026-05-14T06:54:08+07:00,2026-05-13T23:54:08+00:00,2026-05-13T23:54:08+00:00,manual_raw_measurement,True,06:00-08:00,live_current_flow,3,27,outputs/raw_measurements/2026-05-14/06-54-08_auto_cron
20260514T094527_VN_auto_cron,auto_cron,2026-05-14,09:45:27,2026-05-14T09:45:27+07:00,2026-05-14T02:45:27+00:00,2026-05-14T02:45:27+00:00,manual_raw_measurement,False,,live_current_flow,3,27,outputs/raw_measurements/2026-05-14/09-45-27_auto_cron
20260514T134459_VN_auto_cron,auto_cron,2026-05-14,13:44:59,2026-05-14T13:44:59+07:00,2026-05-14T06:44:59+00:00,2026-05-14T06:44:59+00:00,manual_raw_measurement,False,,live_current_flow,3,27,outputs/raw_measurements/2026-05-14/13-44-59_auto_cron
20260514T162159_VN_auto_cron,auto_cron,2026-05-14,16:21:59,2026-05-14T16:21:59+07:00,2026-05-14T09:21:59+00:00,2026-05-14T09:21:59+00:00,manual_raw_measurement,True,16:00-19:00,live_current_flow,3,27,outputs/raw_measurements/2026-05-14/16-21-59_auto_cron
20260514T182630_VN_auto_cron,auto_cron,2026-05-14,18:26:30,2026-05-14T18:26:30+07:00,2026-05-14T11:26:30+00:00,2026-05-14T11:26:30+00:00,manual_raw_measurement,True,16:00-19:00,live_current_flow,3,27,outputs/raw_measurements/2026-05-14/18-26-30_auto_cron
20260514T201454_VN_auto_cron,auto_cron,2026-05-14,20:14:54,2026-05-14T20:14:54+07:00,2026-05-14T13:14:54+00:00,2026-05-14T13:14:54+00:00,manual_raw_measurement,False,,live_current_flow,3,27,outputs/raw_measurements/2026-05-14/20-14-54_auto_cron
20260515T065503_VN_auto_cron,auto_cron,2026-05-15,06:55:03,2026-05-15T06:55:03+07:00,2026-05-14T23:55:03+00:00,2026-05-14T23:55:03+00:00,manual_raw_measurement,True,06:00-08:00,live_current_flow,3,27,outputs/raw_measurements/2026-05-15/06-55-03_auto_cron
20260515T094608_VN_auto_cron,auto_cron,2026-05-15,09:46:08,2026-05-15T09:46:08+07:00,2026-05-15T02:46:08+00:00,2026-05-15T02:46:08+00:00,manual_raw_measurement,False,,live_current_flow,3,27,outputs/raw_measurements/2026-05-15/09-46-08_auto_cron
20260515T135413_VN_auto_cron,auto_cron,2026-05-15,13:54:13,2026-05-15T13:54:13+07:00,2026-05-15T06:54:13+00:00,2026-05-15T06:54:13+00:00,manual_raw_measurement,False,,live_current_flow,3,27,outputs/raw_measurements/2026-05-15/13-54-13_auto_cron
20260515T181946_VN_auto_cron,auto_cron,2026-05-15,18:19:46,2026-05-15T18:19:46+07:00,2026-05-15T11:19:46+00:00,2026-05-15T11:19:46+00:00,manual_raw_measurement,True,16:00-19:00,live_current_flow,3,27,outputs/raw_measurements/2026-05-15/18-19-46_auto_cron
20260515T201134_VN_auto_cron,auto_cron,2026-05-15,20:11:34,2026-05-15T20:11:34+07:00,2026-05-15T13:11:34+00:00,2026-05-15T13:11:34+00:00,manual_raw_measurement,False,,live_current_flow,3,27,outputs/raw_measurements/2026-05-15/20-11-34_auto_cron
20260516T065438_VN_auto_cron,auto_cron,2026-05-16,06:54:38,2026-05-16T06:54:38+07:00,2026-05-15T23:54:38+00:00,2026-05-15T23:54:38+00:00,manual_raw_measurement,True,06:00-08:00,live_current_flow,3,27,outputs/raw_measurements/2026-05-16/06-54-38_auto_cron
20260516T093535_VN_auto_cron,auto_cron,2026-05-16,09:35:35,2026-05-16T09:35:35+07:00,2026-05-16T02:35:35+00:00,2026-05-16T02:35:35+00:00,manual_raw_measurement,False,,live_current_flow,3,27,outputs/raw_measurements/2026-05-16/09-35-35_auto_cron
20260516T132025_VN_auto_cron,auto_cron,2026-05-16,13:20:25,2026-05-16T13:20:25+07:00,2026-05-16T06:20:25+00:00,2026-05-16T06:20:25+00:00,manual_raw_measurement,False,,live_current_flow,3,27,outputs/raw_measurements/2026-05-16/13-20-25_auto_cron
20260516T152210_VN_auto_cron,auto_cron,2026-05-16,15:22:10,2026-05-16T15:22:10+07:00,2026-05-16T08:22:10+00:00,2026-05-16T08:22:10+00:00,manual_raw_measurement,False,,live_current_flow,3,27,outputs/raw_measurements/2026-05-16/15-22-10_auto_cron
20260516T171305_VN_auto_cron,auto_cron,2026-05-16,17:13:05,2026-05-16T17:13:05+07:00,2026-05-16T10:13:05+00:00,2026-05-16T10:13:05+00:00,manual_raw_measurement,True,16:00-19:00,live_current_flow,3,27,outputs/raw_measurements/2026-05-16/17-13-05_auto_cron
20260516T182041_VN_auto_cron,auto_cron,2026-05-16,18:20:41,2026-05-16T18:20:41+07:00,2026-05-16T11:20:41+00:00,2026-05-16T11:20:41+00:00,manual_raw_measurement,True,16:00-19:00,live_current_flow,3,27,outputs/raw_measurements/2026-05-16/18-20-41_auto_cron
20260516T191230_VN_auto_cron,auto_cron,2026-05-16,19:12:30,2026-05-16T19:12:30+07:00,2026-05-16T12:12:30+00:00,2026-05-16T12:12:30+00:00,manual_raw_measurement,False,,live_current_flow,3,27,outputs/raw_measurements/2026-05-16/19-12-30_auto_cron
20260516T210257_VN_auto_cron,auto_cron,2026-05-16,21:02:57,2026-05-16T21:02:57+07:00,2026-05-16T14:02:57+00:00,2026-05-16T14:02:57+00:00,manual_raw_measurement,False,,live_current_flow,3,27,outputs/raw_measurements/2026-05-16/21-02-57_auto_cron
20260517T065012_VN_auto_cron,auto_cron,2026-05-17,06:50:12,2026-05-17T06:50:12+07:00,2026-05-16T23:50:12+00:00,2026-05-16T23:50:12+00:00,manual_raw_measurement,True,06:00-08:00,live_current_flow,3,27,outputs/raw_measurements/2026-05-17/06-50-12_auto_cron
20260517T083254_VN_auto_cron,auto_cron,2026-05-17,08:32:54,2026-05-17T08:32:54+07:00,2026-05-17T01:32:54+00:00,2026-05-17T01:32:54+00:00,manual_raw_measurement,False,,live_current_flow,3,27,outputs/raw_measurements/2026-05-17/08-32-54_auto_cron
20260517T123422_VN_auto_cron,auto_cron,2026-05-17,12:34:22,2026-05-17T12:34:22+07:00,2026-05-17T05:34:22+00:00,2026-05-17T05:34:22+00:00,manual_raw_measurement,True,11:00-13:00,live_current_flow,3,27,outputs/raw_measurements/2026-05-17/12-34-22_auto_cron
20260517T150019_VN_auto_cron,auto_cron,2026-05-17,15:00:19,2026-05-17T15:00:19+07:00,2026-05-17T08:00:19+00:00,2026-05-17T08:00:19+00:00,manual_raw_measurement,False,,live_current_flow,3,27,outputs/raw_measurements/2026-05-17/15-00-19_auto_cron
20260517T172142_VN_auto_cron,auto_cron,2026-05-17,17:21:42,2026-05-17T17:21:42+07:00,2026-05-17T10:21:42+00:00,2026-05-17T10:21:42+00:00,manual_raw_measurement,True,16:00-19:00,live_current_flow,3,27,outputs/raw_measurements/2026-05-17/17-21-42_auto_cron
20260517T183648_VN_auto_cron,auto_cron,2026-05-17,18:36:48,2026-05-17T18:36:48+07:00,2026-05-17T11:36:48+00:00,2026-05-17T11:36:48+00:00,manual_raw_measurement,True,16:00-19:00,live_current_flow,3,27,outputs/raw_measurements/2026-05-17/18-36-48_auto_cron
20260517T193953_VN_auto_cron,auto_cron,2026-05-17,19:39:53,2026-05-17T19:39:53+07:00,2026-05-17T12:39:53+00:00,2026-05-17T12:39:53+00:00,manual_raw_measurement,False,,live_current_flow,3,27,outputs/raw_measurements/2026-05-17/19-39-53_auto_cron
20260517T211044_VN_auto_cron,auto_cron,2026-05-17,21:10:44,2026-05-17T21:10:44+07:00,2026-05-17T14:10:44+00:00,2026-05-17T14:10:44+00:00,manual_raw_measurement,False,,live_current_flow,3,27,outputs/raw_measurements/2026-05-17/21-10-44_auto_cron
20260518T065541_VN_auto_cron,auto_cron,2026-05-18,06:55:41,2026-05-18T06:55:41+07:00,2026-05-17T23:55:41+00:00,2026-05-17T23:55:41+00:00,manual_raw_measurement,True,06:00-08:00,live_current_flow,3,27,outputs/raw_measurements/2026-05-18/06-55-41_auto_cron
20260518T095352_VN_auto_cron,auto_cron,2026-05-18,09:53:52,2026-05-18T09:53:52+07:00,2026-05-18T02:53:52+00:00,2026-05-18T02:53:52+00:00,manual_raw_measurement,False,,live_current_flow,3,27,outputs/raw_measurements/2026-05-18/09-53-52_auto_cron
20260518T145959_VN_auto_cron,auto_cron,2026-05-18,14:59:59,2026-05-18T14:59:59+07:00,2026-05-18T07:59:59+00:00,2026-05-18T07:59:59+00:00,manual_raw_measurement,False,,live_current_flow,3,27,outputs/raw_measurements/2026-05-18/14-59-59_auto_cron
20260518T192737_VN_auto_cron,auto_cron,2026-05-18,19:27:37,2026-05-18T19:27:37+07:00,2026-05-18T12:27:37+00:00,2026-05-18T12:27:37+00:00,manual_raw_measurement,False,,live_current_flow,3,27,outputs/raw_measurements/2026-05-18/19-27-37_auto_cron
20260518T230312_VN_auto_cron,auto_cron,2026-05-18,23:03:12,2026-05-18T23:03:12+07:00,2026-05-18T16:03:12+00:00,2026-05-18T16:03:12+00:00,manual_raw_measurement,False,,live_current_flow,3,27,outputs/raw_measurements/2026-05-18/23-03-12_auto_cron
20260519T070407_VN_auto_cron,auto_cron,2026-05-19,07:04:07,2026-05-19T07:04:07+07:00,2026-05-19T00:04:07+00:00,2026-05-19T00:04:07+00:00,manual_raw_measurement,True,06:00-08:00,live_current_flow,3,27,outputs/raw_measurements/2026-05-19/07-04-07_auto_cron
20260519T112405_VN_auto_cron,auto_cron,2026-05-19,11:24:05,2026-05-19T11:24:05+07:00,2026-05-19T04:24:05+00:00,2026-05-19T04:24:05+00:00,manual_raw_measurement,True,11:00-13:00,live_current_flow,3,27,outputs/raw_measurements/2026-05-19/11-24-05_auto_cron
20260519T150303_VN_auto_cron,auto_cron,2026-05-19,15:03:03,2026-05-19T15:03:03+07:00,2026-05-19T08:03:03+00:00,2026-05-19T08:03:03+00:00,manual_raw_measurement,False,,live_current_flow,3,27,outputs/raw_measurements/2026-05-19/15-03-03_auto_cron
20260519T190027_VN_auto_cron,auto_cron,2026-05-19,19:00:27,2026-05-19T19:00:27+07:00,2026-05-19T12:00:27+00:00,2026-05-19T12:00:27+00:00,manual_raw_measurement,False,,live_current_flow,3,27,outputs/raw_measurements/2026-05-19/19-00-27_auto_cron
20260519T223909_VN_auto_cron,auto_cron,2026-05-19,22:39:09,2026-05-19T22:39:09+07:00,2026-05-19T15:39:09+00:00,2026-05-19T15:39:09+00:00,manual_raw_measurement,False,,live_current_flow,3,27,outputs/raw_measurements/2026-05-19/22-39-09_auto_cron
20260520T070115_VN_auto_cron,auto_cron,2026-05-20,07:01:15,2026-05-20T07:01:15+07:00,2026-05-20T00:01:15+00:00,2026-05-20T00:01:15+00:00,manual_raw_measurement,True,06:00-08:00,live_current_flow,3,27,outputs/raw_measurements/2026-05-20/07-01-15_auto_cron
20260520T111907_VN_auto_cron,auto_cron,2026-05-20,11:19:07,2026-05-20T11:19:07+07:00,2026-05-20T04:19:07+00:00,2026-05-20T04:19:07+00:00,manual_raw_measurement,True,11:00-13:00,live_current_flow,3,27,outputs/raw_measurements/2026-05-20/11-19-07_auto_cron
20260520T145931_VN_auto_cron,auto_cron,2026-05-20,14:59:31,2026-05-20T14:59:31+07:00,2026-05-20T07:59:31+00:00,2026-05-20T07:59:31+00:00,manual_raw_measurement,False,,live_current_flow,3,27,outputs/raw_measurements/2026-05-20/14-59-31_auto_cron
20260520T184835_VN_auto_cron,auto_cron,2026-05-20,18:48:35,2026-05-20T18:48:35+07:00,2026-05-20T11:48:35+00:00,2026-05-20T11:48:35+00:00,manual_raw_measurement,True,16:00-19:00,live_current_flow,3,27,outputs/raw_measurements/2026-05-20/18-48-35_auto_cron
20260520T212114_VN_auto_cron,auto_cron,2026-05-20,21:21:14,2026-05-20T21:21:14+07:00,2026-05-20T14:21:14+00:00,2026-05-20T14:21:14+00:00,manual_raw_measurement,False,,live_current_flow,3,27,outputs/raw_measurements/2026-05-20/21-21-14_auto_cron
20260521T070537_VN_auto_cron,auto_cron,2026-05-21,07:05:37,2026-05-21T07:05:37+07:00,2026-05-21T00:05:37+00:00,2026-05-21T00:05:37+00:00,manual_raw_measurement,True,06:00-08:00,live_current_flow,3,27,outputs/raw_measurements/2026-05-21/07-05-37_auto_cron
20260521T114147_VN_auto_cron,auto_cron,2026-05-21,11:41:47,2026-05-21T11:41:47+07:00,2026-05-21T04:41:47+00:00,2026-05-21T04:41:47+00:00,manual_raw_measurement,True,11:00-13:00,live_current_flow,3,27,outputs/raw_measurements/2026-05-21/11-41-47_auto_cron
20260521T152212_VN_auto_cron,auto_cron,2026-05-21,15:22:12,2026-05-21T15:22:12+07:00,2026-05-21T08:22:12+00:00,2026-05-21T08:22:12+00:00,manual_raw_measurement,False,,live_current_flow,3,27,outputs/raw_measurements/2026-05-21/15-22-12_auto_cron
20260521T191315_VN_auto_cron,auto_cron,2026-05-21,19:13:15,2026-05-21T19:13:15+07:00,2026-05-21T12:13:15+00:00,2026-05-21T12:13:15+00:00,manual_raw_measurement,False,,live_current_flow,3,27,outputs/raw_measurements/2026-05-21/19-13-15_auto_cron
20260521T225441_VN_auto_cron,auto_cron,2026-05-21,22:54:41,2026-05-21T22:54:41+07:00,2026-05-21T15:54:41+00:00,2026-05-21T15:54:41+00:00,manual_raw_measurement,False,,live_current_flow,3,27,outputs/raw_measurements/2026-05-21/22-54-41_auto_cron
20260522T070030_VN_auto_cron,auto_cron,2026-05-22,07:00:30,2026-05-22T07:00:30+07:00,2026-05-22T00:00:30+00:00,2026-05-22T00:00:30+00:00,manual_raw_measurement,True,06:00-08:00,live_current_flow,3,27,outputs/raw_measurements/2026-05-22/07-00-30_auto_cron
20260522T111122_VN_auto_cron,auto_cron,2026-05-22,11:11:22,2026-05-22T11:11:22+07:00,2026-05-22T04:11:22+00:00,2026-05-22T04:11:22+00:00,manual_raw_measurement,True,11:00-13:00,live_current_flow,3,27,outputs/raw_measurements/2026-05-22/11-11-22_auto_cron
20260522T145445_VN_auto_cron,auto_cron,2026-05-22,14:54:45,2026-05-22T14:54:45+07:00,2026-05-22T07:54:45+00:00,2026-05-22T07:54:45+00:00,manual_raw_measurement,False,,live_current_flow,3,27,outputs/raw_measurements/2026-05-22/14-54-45_auto_cron
20260522T184431_VN_auto_cron,auto_cron,2026-05-22,18:44:31,2026-05-22T18:44:31+07:00,2026-05-22T11:44:31+00:00,2026-05-22T11:44:31+00:00,manual_raw_measurement,True,16:00-19:00,live_current_flow,3,27,outputs/raw_measurements/2026-05-22/18-44-31_auto_cron
20260522T210507_VN_auto_cron,auto_cron,2026-05-22,21:05:07,2026-05-22T21:05:07+07:00,2026-05-22T14:05:07+00:00,2026-05-22T14:05:07+00:00,manual_raw_measurement,False,,live_current_flow,3,27,outputs/raw_measurements/2026-05-22/21-05-07_auto_cron
20260523T070421_VN_auto_cron,auto_cron,2026-05-23,07:04:21,2026-05-23T07:04:21+07:00,2026-05-23T00:04:21+00:00,2026-05-23T00:04:21+00:00,manual_raw_measurement,True,06:00-08:00,live_current_flow,3,27,outputs/raw_measurements/2026-05-23/07-04-21_auto_cron
20260523T110905_VN_auto_cron,auto_cron,2026-05-23,11:09:05,2026-05-23T11:09:05+07:00,2026-05-23T04:09:05+00:00,2026-05-23T04:09:05+00:00,manual_raw_measurement,True,11:00-13:00,live_current_flow,3,27,outputs/raw_measurements/2026-05-23/11-09-05_auto_cron
20260523T134333_VN_auto_cron,auto_cron,2026-05-23,13:43:33,2026-05-23T13:43:33+07:00,2026-05-23T06:43:33+00:00,2026-05-23T06:43:33+00:00,manual_raw_measurement,False,,live_current_flow,3,27,outputs/raw_measurements/2026-05-23/13-43-33_auto_cron
20260523T155556_VN_auto_cron,auto_cron,2026-05-23,15:55:56,2026-05-23T15:55:56+07:00,2026-05-23T08:55:56+00:00,2026-05-23T08:55:56+00:00,manual_raw_measurement,False,,live_current_flow,3,27,outputs/raw_measurements/2026-05-23/15-55-56_auto_cron
20260523T172542_VN_auto_cron,auto_cron,2026-05-23,17:25:42,2026-05-23T17:25:42+07:00,2026-05-23T10:25:42+00:00,2026-05-23T10:25:42+00:00,manual_raw_measurement,True,16:00-19:00,live_current_flow,3,27,outputs/raw_measurements/2026-05-23/17-25-42_auto_cron
20260523T184220_VN_auto_cron,auto_cron,2026-05-23,18:42:20,2026-05-23T18:42:20+07:00,2026-05-23T11:42:20+00:00,2026-05-23T11:42:20+00:00,manual_raw_measurement,True,16:00-19:00,live_current_flow,3,27,outputs/raw_measurements/2026-05-23/18-42-20_auto_cron
20260523T194603_VN_auto_cron,auto_cron,2026-05-23,19:46:03,2026-05-23T19:46:03+07:00,2026-05-23T12:46:03+00:00,2026-05-23T12:46:03+00:00,manual_raw_measurement,False,,live_current_flow,3,27,outputs/raw_measurements/2026-05-23/19-46-03_auto_cron
20260523T211948_VN_auto_cron,auto_cron,2026-05-23,21:19:48,2026-05-23T21:19:48+07:00,2026-05-23T14:19:48+00:00,2026-05-23T14:19:48+00:00,manual_raw_measurement,False,,live_current_flow,3,27,outputs/raw_measurements/2026-05-23/21-19-48_auto_cron
20260524T065515_VN_auto_cron,auto_cron,2026-05-24,06:55:15,2026-05-24T06:55:15+07:00,2026-05-23T23:55:15+00:00,2026-05-23T23:55:15+00:00,manual_raw_measurement,True,06:00-08:00,live_current_flow,3,27,outputs/raw_measurements/2026-05-24/06-55-15_auto_cron
20260524T095126_VN_auto_cron,auto_cron,2026-05-24,09:51:26,2026-05-24T09:51:26+07:00,2026-05-24T02:51:26+00:00,2026-05-24T02:51:26+00:00,manual_raw_measurement,False,,live_current_flow,3,27,outputs/raw_measurements/2026-05-24/09-51-26_auto_cron
20260524T135757_VN_auto_cron,auto_cron,2026-05-24,13:57:57,2026-05-24T13:57:57+07:00,2026-05-24T06:57:57+00:00,2026-05-24T06:57:57+00:00,manual_raw_measurement,False,,live_current_flow,3,27,outputs/raw_measurements/2026-05-24/13-57-57_auto_cron
20260524T172947_VN_auto_cron,auto_cron,2026-05-24,17:29:47,2026-05-24T17:29:47+07:00,2026-05-24T10:29:47+00:00,2026-05-24T10:29:47+00:00,manual_raw_measurement,True,16:00-19:00,live_current_flow,3,27,outputs/raw_measurements/2026-05-24/17-29-47_auto_cron
20260524T185107_VN_auto_cron,auto_cron,2026-05-24,18:51:07,2026-05-24T18:51:07+07:00,2026-05-24T11:51:07+00:00,2026-05-24T11:51:07+00:00,manual_raw_measurement,True,16:00-19:00,live_current_flow,3,27,outputs/raw_measurements/2026-05-24/18-51-07_auto_cron
20260524T195209_VN_auto_cron,auto_cron,2026-05-24,19:52:09,2026-05-24T19:52:09+07:00,2026-05-24T12:52:09+00:00,2026-05-24T12:52:09+00:00,manual_raw_measurement,False,,live_current_flow,3,27,outputs/raw_measurements/2026-05-24/19-52-09_auto_cron
20260525T065753_VN_auto_cron,auto_cron,2026-05-25,06:57:53,2026-05-25T06:57:53+07:00,2026-05-24T23:57:53+00:00,2026-05-24T23:57:53+00:00,manual_raw_measurement,True,06:00-08:00,live_current_flow,3,27,outputs/raw_measurements/2026-05-25/06-57-53_auto_cron
20260525T104048_VN_auto_cron,auto_cron,2026-05-25,10:40:48,2026-05-25T10:40:48+07:00,2026-05-25T03:40:48+00:00,2026-05-25T03:40:48+00:00,manual_raw_measurement,False,,live_current_flow,3,27,outputs/raw_measurements/2026-05-25/10-40-48_auto_cron
20260525T151814_VN_auto_cron,auto_cron,2026-05-25,15:18:14,2026-05-25T15:18:14+07:00,2026-05-25T08:18:14+00:00,2026-05-25T08:18:14+00:00,manual_raw_measurement,False,,live_current_flow,3,27,outputs/raw_measurements/2026-05-25/15-18-14_auto_cron
20260525T192657_VN_auto_cron,auto_cron,2026-05-25,19:26:57,2026-05-25T19:26:57+07:00,2026-05-25T12:26:57+00:00,2026-05-25T12:26:57+00:00,manual_raw_measurement,False,,live_current_flow,3,27,outputs/raw_measurements/2026-05-25/19-26-57_auto_cron
20260525T223745_VN_auto_cron,auto_cron,2026-05-25,22:37:45,2026-05-25T22:37:45+07:00,2026-05-25T15:37:45+00:00,2026-05-25T15:37:45+00:00,manual_raw_measurement,False,,live_current_flow,3,27,outputs/raw_measurements/2026-05-25/22-37-45_auto_cron
20260526T070417_VN_auto_cron,auto_cron,2026-05-26,07:04:17,2026-05-26T07:04:17+07:00,2026-05-26T00:04:17+00:00,2026-05-26T00:04:17+00:00,manual_raw_measurement,True,06:00-08:00,live_current_flow,3,27,outputs/raw_measurements/2026-05-26/07-04-17_auto_cron
20260526T112343_VN_auto_cron,auto_cron,2026-05-26,11:23:43,2026-05-26T11:23:43+07:00,2026-05-26T04:23:43+00:00,2026-05-26T04:23:43+00:00,manual_raw_measurement,True,11:00-13:00,live_current_flow,3,27,outputs/raw_measurements/2026-05-26/11-23-43_auto_cron
20260526T150745_VN_auto_cron,auto_cron,2026-05-26,15:07:45,2026-05-26T15:07:45+07:00,2026-05-26T08:07:45+00:00,2026-05-26T08:07:45+00:00,manual_raw_measurement,False,,live_current_flow,3,27,outputs/raw_measurements/2026-05-26/15-07-45_auto_cron
20260526T230717_VN_auto_cron,auto_cron,2026-05-26,23:07:17,2026-05-26T23:07:17+07:00,2026-05-26T16:07:17+00:00,2026-05-26T16:07:17+00:00,manual_raw_measurement,False,,live_current_flow,3,27,outputs/raw_measurements/2026-05-26/23-07-17_auto_cron
20260527T070322_VN_auto_cron,auto_cron,2026-05-27,07:03:22,2026-05-27T07:03:22+07:00,2026-05-27T00:03:22+00:00,2026-05-27T00:03:22+00:00,manual_raw_measurement,True,06:00-08:00,live_current_flow,3,27,outputs/raw_measurements/2026-05-27/07-03-22_auto_cron
20260527T114732_VN_auto_cron,auto_cron,2026-05-27,11:47:32,2026-05-27T11:47:32+07:00,2026-05-27T04:47:32+00:00,2026-05-27T04:47:32+00:00,manual_raw_measurement,True,11:00-13:00,live_current_flow,3,27,outputs/raw_measurements/2026-05-27/11-47-32_auto_cron
20260527T153220_VN_auto_cron,auto_cron,2026-05-27,15:32:20,2026-05-27T15:32:20+07:00,2026-05-27T08:32:20+00:00,2026-05-27T08:32:20+00:00,manual_raw_measurement,False,,live_current_flow,3,27,outputs/raw_measurements/2026-05-27/15-32-20_auto_cron
20260527T191956_VN_auto_cron,auto_cron,2026-05-27,19:19:56,2026-05-27T19:19:56+07:00,2026-05-27T12:19:56+00:00,2026-05-27T12:19:56+00:00,manual_raw_measurement,False,,live_current_flow,3,27,outputs/raw_measurements/2026-05-27/19-19-56_auto_cron
20260527T231621_VN_auto_cron,auto_cron,2026-05-27,23:16:21,2026-05-27T23:16:21+07:00,2026-05-27T16:16:21+00:00,2026-05-27T16:16:21+00:00,manual_raw_measurement,False,,live_current_flow,3,27,outputs/raw_measurements/2026-05-27/23-16-21_auto_cron
20260528T065924_VN_auto_cron,auto_cron,2026-05-28,06:59:24,2026-05-28T06:59:24+07:00,2026-05-27T23:59:24+00:00,2026-05-27T23:59:24+00:00,manual_raw_measurement,True,06:00-08:00,live_current_flow,3,27,outputs/raw_measurements/2026-05-28/06-59-24_auto_cron
20260528T105341_VN_auto_cron,auto_cron,2026-05-28,10:53:41,2026-05-28T10:53:41+07:00,2026-05-28T03:53:41+00:00,2026-05-28T03:53:40+00:00,manual_raw_measurement,False,,live_current_flow,3,27,outputs/raw_measurements/2026-05-28/10-53-41_auto_cron
20260528T113436_VN_manual_dispatch,manual_dispatch,2026-05-28,11:34:36,2026-05-28T11:34:36+07:00,2026-05-28T04:34:36+00:00,2026-05-28T04:34:36+00:00,manual_raw_measurement,True,11:00-13:00,live_current_flow,3,27,outputs/raw_measurements/2026-05-28/11-34-36_manual_dispatch
20260528T113912_VN_manual_dispatch,manual_dispatch,2026-05-28,11:39:12,2026-05-28T11:39:12+07:00,2026-05-28T04:39:12+00:00,2026-05-28T04:39:11+00:00,manual_raw_measurement,True,11:00-13:00,live_current_flow,3,27,outputs/raw_measurements/2026-05-28/11-39-12_manual_dispatch
20260528T145501_VN_auto_cron,auto_cron,2026-05-28,14:55:01,2026-05-28T14:55:01+07:00,2026-05-28T07:55:01+00:00,2026-05-28T07:55:01+00:00,manual_raw_measurement,False,,live_current_flow,3,27,outputs/raw_measurements/2026-05-28/14-55-01_auto_cron
20260528T192439_VN_auto_cron,auto_cron,2026-05-28,19:24:39,2026-05-28T19:24:39+07:00,2026-05-28T12:24:39+00:00,2026-05-28T12:24:39+00:00,manual_raw_measurement,False,,live_current_flow,3,27,outputs/raw_measurements/2026-05-28/19-24-39_auto_cron
20260528T233852_VN_auto_cron,auto_cron,2026-05-28,23:38:52,2026-05-28T23:38:52+07:00,2026-05-28T16:38:52+00:00,2026-05-28T16:38:52+00:00,manual_raw_measurement,False,,live_current_flow,3,27,outputs/raw_measurements/2026-05-28/23-38-52_auto_cron
20260529T070928_VN_auto_cron,auto_cron,2026-05-29,07:09:28,2026-05-29T07:09:28+07:00,2026-05-29T00:09:28+00:00,2026-05-29T00:09:28+00:00,manual_raw_measurement,True,06:00-08:00,live_current_flow,3,27,outputs/raw_measurements/2026-05-29/07-09-28_auto_cron
20260529T114115_VN_auto_cron,auto_cron,2026-05-29,11:41:15,2026-05-29T11:41:15+07:00,2026-05-29T04:41:15+00:00,2026-05-29T04:41:15+00:00,manual_raw_measurement,True,11:00-13:00,live_current_flow,3,27,outputs/raw_measurements/2026-05-29/11-41-15_auto_cron
20260529T153021_VN_auto_cron,auto_cron,2026-05-29,15:30:21,2026-05-29T15:30:21+07:00,2026-05-29T08:30:21+00:00,2026-05-29T08:30:21+00:00,manual_raw_measurement,False,,live_current_flow,3,27,outputs/raw_measurements/2026-05-29/15-30-21_auto_cron
20260529T191340_VN_auto_cron,auto_cron,2026-05-29,19:13:40,2026-05-29T19:13:40+07:00,2026-05-29T12:13:40+00:00,2026-05-29T12:13:40+00:00,manual_raw_measurement,False,,live_current_flow,3,27,outputs/raw_measurements/2026-05-29/19-13-40_auto_cron
20260529T231138_VN_auto_cron,auto_cron,2026-05-29,23:11:38,2026-05-29T23:11:38+07:00,2026-05-29T16:11:38+00:00,2026-05-29T16:11:38+00:00,manual_raw_measurement,False,,live_current_flow,3,27,outputs/raw_measurements/2026-05-29/23-11-38_auto_cron
20260530T070732_VN_auto_cron,auto_cron,2026-05-30,07:07:32,2026-05-30T07:07:32+07:00,2026-05-30T00:07:32+00:00,2026-05-30T00:07:32+00:00,manual_raw_measurement,True,06:00-08:00,live_current_flow,3,27,outputs/raw_measurements/2026-05-30/07-07-32_auto_cron
20260530T111557_VN_auto_cron,auto_cron,2026-05-30,11:15:57,2026-05-30T11:15:57+07:00,2026-05-30T04:15:57+00:00,2026-05-30T04:15:57+00:00,manual_raw_measurement,True,11:00-13:00,live_current_flow,3,27,outputs/raw_measurements/2026-05-30/11-15-57_auto_cron
20260530T142311_VN_auto_cron,auto_cron,2026-05-30,14:23:11,2026-05-30T14:23:11+07:00,2026-05-30T07:23:11+00:00,2026-05-30T07:23:11+00:00,manual_raw_measurement,False,,live_current_flow,3,27,outputs/raw_measurements/2026-05-30/14-23-11_auto_cron
20260530T174753_VN_auto_cron,auto_cron,2026-05-30,17:47:53,2026-05-30T17:47:53+07:00,2026-05-30T10:47:53+00:00,2026-05-30T10:47:53+00:00,manual_raw_measurement,True,16:00-19:00,live_current_flow,3,27,outputs/raw_measurements/2026-05-30/17-47-53_auto_cron
20260530T185943_VN_auto_cron,auto_cron,2026-05-30,18:59:43,2026-05-30T18:59:43+07:00,2026-05-30T11:59:43+00:00,2026-05-30T11:59:43+00:00,manual_raw_measurement,True,16:00-19:00,live_current_flow,3,27,outputs/raw_measurements/2026-05-30/18-59-43_auto_cron
20260530T204755_VN_auto_cron,auto_cron,2026-05-30,20:47:55,2026-05-30T20:47:55+07:00,2026-05-30T13:47:55+00:00,2026-05-30T13:47:55+00:00,manual_raw_measurement,False,,live_current_flow,3,27,outputs/raw_measurements/2026-05-30/20-47-55_auto_cron
20260531T070000_VN_auto_cron,auto_cron,2026-05-31,07:00:00,2026-05-31T07:00:00+07:00,2026-05-31T00:00:00+00:00,2026-05-31T00:00:00+00:00,manual_raw_measurement,True,06:00-08:00,live_current_flow,3,27,outputs/raw_measurements/2026-05-31/07-00-00_auto_cron
20260531T111446_VN_auto_cron,auto_cron,2026-05-31,11:14:46,2026-05-31T11:14:46+07:00,2026-05-31T04:14:46+00:00,2026-05-31T04:14:46+00:00,manual_raw_measurement,True,11:00-13:00,live_current_flow,3,27,outputs/raw_measurements/2026-05-31/11-14-46_auto_cron
20260531T145448_VN_auto_cron,auto_cron,2026-05-31,14:54:48,2026-05-31T14:54:48+07:00,2026-05-31T07:54:48+00:00,2026-05-31T07:54:48+00:00,manual_raw_measurement,False,,live_current_flow,3,27,outputs/raw_measurements/2026-05-31/14-54-48_auto_cron
20260531T175608_VN_auto_cron,auto_cron,2026-05-31,17:56:08,2026-05-31T17:56:08+07:00,2026-05-31T10:56:08+00:00,2026-05-31T10:56:08+00:00,manual_raw_measurement,True,16:00-19:00,live_current_flow,3,27,outputs/raw_measurements/2026-05-31/17-56-08_auto_cron
20260531T191037_VN_auto_cron,auto_cron,2026-05-31,19:10:37,2026-05-31T19:10:37+07:00,2026-05-31T12:10:37+00:00,2026-05-31T12:10:37+00:00,manual_raw_measurement,False,,live_current_flow,3,27,outputs/raw_measurements/2026-05-31/19-10-37_auto_cron
20260531T211102_VN_auto_cron,auto_cron,2026-05-31,21:11:02,2026-05-31T21:11:02+07:00,2026-05-31T14:11:02+00:00,2026-05-31T14:11:02+00:00,manual_raw_measurement,False,,live_current_flow,3,27,outputs/raw_measurements/2026-05-31/21-11-02_auto_cron
20260601T070508_VN_auto_cron,auto_cron,2026-06-01,07:05:08,2026-06-01T07:05:08+07:00,2026-06-01T00:05:08+00:00,2026-06-01T00:05:08+00:00,manual_raw_measurement,True,06:00-08:00,live_current_flow,3,27,outputs/raw_measurements/2026-06-01/07-05-08_auto_cron
20260601T121118_VN_auto_cron,auto_cron,2026-06-01,12:11:18,2026-06-01T12:11:18+07:00,2026-06-01T05:11:18+00:00,2026-06-01T05:11:18+00:00,manual_raw_measurement,True,11:00-13:00,live_current_flow,3,27,outputs/raw_measurements/2026-06-01/12-11-18_auto_cron
20260601T173249_VN_auto_cron,auto_cron,2026-06-01,17:32:49,2026-06-01T17:32:49+07:00,2026-06-01T10:32:49+00:00,2026-06-01T10:32:49+00:00,manual_raw_measurement,True,16:00-19:00,live_current_flow,3,27,outputs/raw_measurements/2026-06-01/17-32-49_auto_cron
20260601T232900_VN_auto_cron,auto_cron,2026-06-01,23:29:00,2026-06-01T23:29:00+07:00,2026-06-01T16:29:00+00:00,2026-06-01T16:29:00+00:00,manual_raw_measurement,False,,live_current_flow,3,27,outputs/raw_measurements/2026-06-01/23-29-00_auto_cron
20260602T071133_VN_auto_cron,auto_cron,2026-06-02,07:11:33,2026-06-02T07:11:33+07:00,2026-06-02T00:11:33+00:00,2026-06-02T00:11:33+00:00,manual_raw_measurement,True,06:00-08:00,live_current_flow,3,27,outputs/raw_measurements/2026-06-02/07-11-33_auto_cron
20260602T120132_VN_auto_cron,auto_cron,2026-06-02,12:01:32,2026-06-02T12:01:32+07:00,2026-06-02T05:01:32+00:00,2026-06-02T05:01:32+00:00,manual_raw_measurement,True,11:00-13:00,live_current_flow,3,27,outputs/raw_measurements/2026-06-02/12-01-32_auto_cron
20260602T161727_VN_auto_cron,auto_cron,2026-06-02,16:17:27,2026-06-02T16:17:27+07:00,2026-06-02T09:17:27+00:00,2026-06-02T09:17:27+00:00,manual_raw_measurement,True,16:00-19:00,live_current_flow,3,27,outputs/raw_measurements/2026-06-02/16-17-27_auto_cron
20260602T195402_VN_auto_cron,auto_cron,2026-06-02,19:54:02,2026-06-02T19:54:02+07:00,2026-06-02T12:54:02+00:00,2026-06-02T12:54:02+00:00,manual_raw_measurement,False,,live_current_flow,3,27,outputs/raw_measurements/2026-06-02/19-54-02_auto_cron
20260603T072703_VN_auto_cron,auto_cron,2026-06-03,07:27:03,2026-06-03T07:27:03+07:00,2026-06-03T00:27:03+00:00,2026-06-03T00:27:03+00:00,manual_raw_measurement,True,06:00-08:00,live_current_flow,3,27,outputs/raw_measurements/2026-06-03/07-27-03_auto_cron
20260603T122558_VN_auto_cron,auto_cron,2026-06-03,12:25:58,2026-06-03T12:25:58+07:00,2026-06-03T05:25:58+00:00,2026-06-03T05:25:58+00:00,manual_raw_measurement,True,11:00-13:00,live_current_flow,3,27,outputs/raw_measurements/2026-06-03/12-25-58_auto_cron
20260603T171904_VN_auto_cron,auto_cron,2026-06-03,17:19:04,2026-06-03T17:19:04+07:00,2026-06-03T10:19:04+00:00,2026-06-03T10:19:04+00:00,manual_raw_measurement,True,16:00-19:00,live_current_flow,3,27,outputs/raw_measurements/2026-06-03/17-19-04_auto_cron
20260603T220922_VN_auto_cron,auto_cron,2026-06-03,22:09:22,2026-06-03T22:09:22+07:00,2026-06-03T15:09:22+00:00,2026-06-03T15:09:22+00:00,manual_raw_measurement,False,,live_current_flow,3,27,outputs/raw_measurements/2026-06-03/22-09-22_auto_cron
20260604T072947_VN_auto_cron,auto_cron,2026-06-04,07:29:47,2026-06-04T07:29:47+07:00,2026-06-04T00:29:47+00:00,2026-06-04T00:29:47+00:00,manual_raw_measurement,True,06:00-08:00,live_current_flow,3,27,outputs/raw_measurements/2026-06-04/07-29-47_auto_cron
20260604T122502_VN_auto_cron,auto_cron,2026-06-04,12:25:02,2026-06-04T12:25:02+07:00,2026-06-04T05:25:02+00:00,2026-06-04T05:25:02+00:00,manual_raw_measurement,True,11:00-13:00,live_current_flow,3,27,outputs/raw_measurements/2026-06-04/12-25-02_auto_cron
20260604T161130_VN_auto_cron,auto_cron,2026-06-04,16:11:30,2026-06-04T16:11:30+07:00,2026-06-04T09:11:30+00:00,2026-06-04T09:11:30+00:00,manual_raw_measurement,True,16:00-19:00,live_current_flow,3,27,outputs/raw_measurements/2026-06-04/16-11-30_auto_cron
20260604T191847_VN_auto_cron,auto_cron,2026-06-04,19:18:47,2026-06-04T19:18:47+07:00,2026-06-04T12:18:47+00:00,2026-06-04T12:18:47+00:00,manual_raw_measurement,False,,live_current_flow,3,27,outputs/raw_measurements/2026-06-04/19-18-47_auto_cron
20260604T225029_VN_auto_cron,auto_cron,2026-06-04,22:50:29,2026-06-04T22:50:29+07:00,2026-06-04T15:50:29+00:00,2026-06-04T15:50:29+00:00,manual_raw_measurement,False,,live_current_flow,3,27,outputs/raw_measurements/2026-06-04/22-50-29_auto_cron
20260605T070404_VN_auto_cron,auto_cron,2026-06-05,07:04:04,2026-06-05T07:04:04+07:00,2026-06-05T00:04:04+00:00,2026-06-05T00:04:04+00:00,manual_raw_measurement,True,06:00-08:00,live_current_flow,3,27,outputs/raw_measurements/2026-06-05/07-04-04_auto_cron
20260605T114528_VN_auto_cron,auto_cron,2026-06-05,11:45:28,2026-06-05T11:45:28+07:00,2026-06-05T04:45:28+00:00,2026-06-05T04:45:28+00:00,manual_raw_measurement,True,11:00-13:00,live_current_flow,3,27,outputs/raw_measurements/2026-06-05/11-45-28_auto_cron
20260605T153625_VN_auto_cron,auto_cron,2026-06-05,15:36:25,2026-06-05T15:36:25+07:00,2026-06-05T08:36:25+00:00,2026-06-05T08:36:25+00:00,manual_raw_measurement,False,,live_current_flow,3,27,outputs/raw_measurements/2026-06-05/15-36-25_auto_cron
20260605T190047_VN_auto_cron,auto_cron,2026-06-05,19:00:47,2026-06-05T19:00:47+07:00,2026-06-05T12:00:47+00:00,2026-06-05T12:00:47+00:00,manual_raw_measurement,False,,live_current_flow,3,27,outputs/raw_measurements/2026-06-05/19-00-47_auto_cron
20260605T221859_VN_auto_cron,auto_cron,2026-06-05,22:18:59,2026-06-05T22:18:59+07:00,2026-06-05T15:18:59+00:00,2026-06-05T15:18:59+00:00,manual_raw_measurement,False,,live_current_flow,3,27,outputs/raw_measurements/2026-06-05/22-18-59_auto_cron
20260606T070513_VN_auto_cron,auto_cron,2026-06-06,07:05:13,2026-06-06T07:05:13+07:00,2026-06-06T00:05:13+00:00,2026-06-06T00:05:13+00:00,manual_raw_measurement,True,06:00-08:00,live_current_flow,3,27,outputs/raw_measurements/2026-06-06/07-05-13_auto_cron
20260606T111825_VN_auto_cron,auto_cron,2026-06-06,11:18:25,2026-06-06T11:18:25+07:00,2026-06-06T04:18:25+00:00,2026-06-06T04:18:25+00:00,manual_raw_measurement,True,11:00-13:00,live_current_flow,3,27,outputs/raw_measurements/2026-06-06/11-18-25_auto_cron
20260606T142822_VN_auto_cron,auto_cron,2026-06-06,14:28:22,2026-06-06T14:28:22+07:00,2026-06-06T07:28:22+00:00,2026-06-06T07:28:22+00:00,manual_raw_measurement,False,,live_current_flow,3,27,outputs/raw_measurements/2026-06-06/14-28-22_auto_cron
20260606T175301_VN_auto_cron,auto_cron,2026-06-06,17:53:01,2026-06-06T17:53:01+07:00,2026-06-06T10:53:01+00:00,2026-06-06T10:53:01+00:00,manual_raw_measurement,True,16:00-19:00,live_current_flow,3,27,outputs/raw_measurements/2026-06-06/17-53-01_auto_cron
20260606T190549_VN_auto_cron,auto_cron,2026-06-06,19:05:49,2026-06-06T19:05:49+07:00,2026-06-06T12:05:49+00:00,2026-06-06T12:05:48+00:00,manual_raw_measurement,False,,live_current_flow,3,27,outputs/raw_measurements/2026-06-06/19-05-49_auto_cron
